{
  "config": {
    "infer_iters": 15,
    "infer_warmup": 3,
    "input_shape": [
      1,
      3,
      128,
      128
    ],
    "micro_iters": 25,
    "micro_warmup": 3,
    "seed": 123,
    "tile_shape": [
      1,
      64,
      128,
      128
    ],
    "tile_size": 16
  },
  "environment": {
    "cuda_available": false,
    "device": "cpu",
    "platform": "macOS-26.3-arm64-arm-64bit-Mach-O",
    "python": "3.13.9",
    "torch": "2.9.1"
  },
  "metrics": {
    "fusion_gate_p50_ms": 1.1143329902552068,
    "infer_p50_ms": 0.24995801504701376,
    "infer_p95_ms": 0.736208981834352,
    "tile_pack_p50_ms": 0.22074999287724495,
    "tile_unpack_p50_ms": 0.9070829837583005
  },
  "schema_version": 1,
  "suite": "apex_x_cpu_perf_regression"
}
